user_id,username,email,phone,dob,gender,date_joined,last_login
2505001,Leslie Rippin,Piper.Kub38@gmail.com,01852896553,1990-02-17,Other,2020-04-22,2025-04-06
2505002,Sergio Jast,Adolphus.Fritsch-Becker@yahoo.com,01839147867,1985-07-28,Other,2021-05-19,2023-12-29
2505003,Carole Toy,Valentine_Collier21@hotmail.com,01735815793,1996-12-10,Female,2025-10-22,2025-06-16
2505004,Shari Schaden V,Daniela_Beatty@yahoo.com,01849597098,1989-12-30,Male,2022-03-07,2023-03-15
2505005,Cristina Greenholt,Kaylee96@hotmail.com,01920064345,1981-07-18,Female,2025-01-22,2025-09-28
2505006,Thelma Bruen,Eldred_Zieme@hotmail.com,01893368888,2001-12-30,Female,2023-04-16,2024-02-10
2505007,Phil Stoltenberg,Leland.Wolf@hotmail.com,01561266572,1998-11-05,Other,2021-12-23,2025-03-25
2505008,Allan Gottlieb,Brenda.Kessler71@gmail.com,01848593055,1991-03-30,Female,2023-07-15,2023-09-25
2505009,Ruth Jast,Judd.Schneider39@hotmail.com,01969279686,1993-12-26,Female,2021-02-18,2023-01-02
2505010,Norma Ziemann,Jackie.Doyle@hotmail.com,01584283725,1990-01-15,Male,2018-08-03,2023-11-14
2505011,Dr. Timmy Stanton,Tiana_Douglas66@yahoo.com,01571392588,1999-11-28,Other,2020-11-26,2024-10-24
2505012,Sharon Smitham,Deon.Olson55@hotmail.com,01519150436,1994-04-08,Male,2025-08-25,2024-05-11
2505013,Wendy Ferry V,Floyd_Jacobi@yahoo.com,01740638440,1995-06-29,Other,2018-10-13,2024-12-08
2505014,Brandi Keeling,Hanna.Bergnaum4@yahoo.com,01950225702,1995-02-13,Female,2019-11-07,2023-03-25
2505015,Lucy Wuckert,Alysa_Haag@gmail.com,01531837678,1994-04-22,Female,2021-01-06,2023-03-20
2505016,Morris Brakus,Mustafa.Kemmer37@hotmail.com,01515352895,1991-02-03,Other,2023-06-05,2023-03-27
2505017,Joan Hirthe,Donna_Prosacco@yahoo.com,01827381513,2000-02-26,Male,2024-12-11,2023-04-18
2505018,Mr. Boyd Von,Vidal.Larkin14@gmail.com,01784108337,1993-05-30,Female,2025-01-14,2025-02-04
2505019,Larry Kiehn,Colt_Davis89@gmail.com,01516429003,1998-02-05,Female,2019-05-11,2024-05-07
2505020,Vanessa Witting,Rebeka.Mayer@hotmail.com,01682619488,1990-07-17,Male,2024-03-08,2025-08-25
2505021,Dr. Brett Breitenberg,Reinhold_Raynor87@yahoo.com,01895223122,1996-05-26,Other,2024-05-30,2023-08-20
2505022,Henrietta Carroll,Niko.Volkman81@hotmail.com,01823370883,2005-09-04,Female,2020-06-24,2023-03-18
2505023,Kristina Russel,Cristobal_Nienow@yahoo.com,01511421240,1984-05-18,Male,2018-03-28,2025-12-19
2505024,Dexter Cole,Bryce_Cartwright97@hotmail.com,01795548899,2003-07-14,Female,2019-08-24,2024-01-02
2505025,Nancy Murray DDS,Brennan30@yahoo.com,01687791946,1980-01-18,Other,2020-05-06,2025-01-02
2505026,Edgar Harvey,Serena.Conroy2@gmail.com,01929294141,1997-09-19,Female,2020-12-06,2024-11-10
2505027,Jody Raynor,Anissa21@gmail.com,01619527826,1988-11-03,Other,2021-01-12,2024-05-21
2505028,Flora Wisozk,Reuben_Corkery95@yahoo.com,01592576605,1995-10-14,Female,2025-08-11,2025-02-19
2505029,Fernando Simonis,Graciela_Smitham89@hotmail.com,01733564369,1982-11-02,Other,2021-06-12,2024-03-25
2505030,Kellie Zemlak,Hunter_Macejkovic55@hotmail.com,01899250850,1992-04-19,Female,2019-03-23,2024-06-19
2505031,Russell Wiza,Madyson_Roob21@gmail.com,01770065284,1992-10-13,Other,2025-05-04,2023-04-24
2505032,Guillermo Bergnaum DDS,Joany.Dare60@hotmail.com,01768727179,1995-02-09,Female,2024-05-21,2024-04-29
2505033,Emilio Langosh,Alvina.Zulauf@yahoo.com,01957218725,1999-07-11,Male,2022-10-14,2024-04-02
2505034,Neal Fay-Jerde,Una.Ritchie@yahoo.com,01655128269,1986-10-17,Other,2021-07-19,2023-08-30
2505035,Corey Simonis DVM,Brody.Anderson-Collins1@hotmail.com,01610499685,1998-10-15,Female,2023-03-02,2024-10-04
2505036,Jessica O'Keefe,Emmanuel22@yahoo.com,01749610965,2005-09-07,Other,2020-07-02,2023-09-21
2505037,Maria Graham,Jeffry1@yahoo.com,01847074797,1990-04-12,Female,2018-03-05,2023-09-20
2505038,Mr. Tyrone Trantow,Jacquelyn.Moore@hotmail.com,01534612180,1996-10-10,Female,2022-04-15,2023-09-16
2505039,Mr. Allan Von,Hiram.Abernathy24@yahoo.com,01590817337,1984-07-18,Female,2018-11-18,2023-02-05
2505040,Willie Price,Franz42@hotmail.com,01939484424,1986-08-13,Other,2020-10-04,2023-01-07
2505041,Darnell Frami,Elody1@hotmail.com,01576123680,2002-03-01,Male,2023-06-06,2023-09-07
2505042,Wilfred Bogisich,Thora6@hotmail.com,01545368286,1990-01-10,Other,2024-04-09,2024-03-16
2505043,Bobby Bogisich,Micah_Gerhold@yahoo.com,01566709074,1989-09-12,Female,2019-12-20,2025-02-20
2505044,Cecilia Collins,Buddy.Schoen@yahoo.com,01857946670,2003-10-19,Other,2020-02-18,2023-12-15
2505045,Vanessa Durgan-Toy DDS,Orrin_Rempel18@gmail.com,01978876619,1994-05-14,Male,2022-07-01,2024-07-08
2505046,Jerome Deckow,Fausto.Hickle@gmail.com,01729054339,1993-04-26,Male,2021-11-08,2025-07-07
2505047,Mrs. Tamara Hayes,Stanley98@gmail.com,01850517406,1985-03-07,Female,2018-08-05,2025-02-03
2505048,Rolando Hoppe,Lenny.Vandervort@hotmail.com,01979497952,2004-12-21,Female,2024-01-29,2025-04-03
2505049,Sidney Davis,Omari59@hotmail.com,01691808763,1996-11-12,Other,2018-09-07,2024-06-13
2505050,Neal Miller I,Javier.OConnell@hotmail.com,01932000022,2002-12-10,Other,2021-10-23,2024-08-04
2505051,Adrienne Blanda,Olaf.Marvin@gmail.com,01874818654,1991-11-28,Other,2020-06-28,2024-03-04
2505052,Adrienne Schmeler,Retha.Fadel@yahoo.com,01512509865,2001-11-11,Male,2024-11-23,2023-09-16
2505053,Karen Conroy-Schulist,Eliseo_Greenholt@hotmail.com,01659253929,2004-09-09,Male,2020-09-04,2023-04-19
2505054,Dexter King,Madyson_Zboncak@gmail.com,01856257443,2004-06-18,Female,2023-03-27,2023-01-01
2505055,Erica McCullough,Maribel.Mueller@gmail.com,01747389639,2000-11-21,Other,2024-10-04,2025-05-21
2505056,Vickie Kunde,Penelope.Beatty@gmail.com,01828141059,1991-02-12,Female,2022-02-23,2024-09-08
2505057,Rochelle Barrows PhD,Eula_Dibbert91@yahoo.com,01780898231,2001-04-15,Male,2025-05-22,2025-09-06
2505058,Kirk Lakin,Brandt_Bechtelar@yahoo.com,01745095727,1992-02-06,Other,2021-10-17,2025-08-19
2505059,Rudolph Abbott,Nels35@gmail.com,01688112900,1988-08-18,Female,2022-11-30,2024-08-07
2505060,Laurie Bernhard,Napoleon_Stamm@gmail.com,01594208085,1997-07-06,Male,2022-06-09,2024-05-16
2505061,Jose Schmitt,Cydney11@gmail.com,01988440294,1996-08-23,Male,2021-10-01,2025-02-22
2505062,Alton Nolan,Omer56@hotmail.com,01526906462,1986-11-09,Male,2024-05-16,2024-02-17
2505063,Suzanne Koelpin,Evans13@yahoo.com,01792199149,1998-03-31,Other,2025-11-24,2024-01-23
2505064,Patti Considine,Emilia.Wyman-Cassin@gmail.com,01672353234,1988-04-11,Other,2021-08-23,2024-12-27
2505065,Lillie Conroy,Raven35@gmail.com,01880317177,1997-04-03,Other,2022-04-15,2024-03-21
2505066,Maggie Beer,Kattie47@gmail.com,01650430261,2004-09-25,Male,2021-02-09,2025-12-20
2505067,Miss Jodi Sauer,Georgiana.Murphy71@yahoo.com,01753438921,1998-09-23,Female,2024-03-08,2023-10-15
2505068,Miss Christy Heidenreich,Kameron.Witting-Fahey@yahoo.com,01925647005,1981-08-13,Female,2025-03-02,2024-06-10
2505069,Katie Murazik MD,Jermaine75@yahoo.com,01780811228,1982-02-24,Male,2022-04-04,2025-02-01
2505070,Sue McClure,Simone16@gmail.com,01564970780,1979-12-31,Male,2019-07-16,2025-02-01
2505071,Omar Bogan,Garland.Dare@hotmail.com,01719050591,1994-05-29,Other,2018-06-11,2023-09-24
2505072,Toby Beier-Purdy,Noah_Labadie75@yahoo.com,01614203659,1996-10-29,Male,2022-04-17,2024-12-28
2505073,Miss Gayle Balistreri,Katrina.Predovic@yahoo.com,01519487913,2004-12-24,Female,2019-06-22,2024-05-27
2505074,Drew Von,Scotty7@hotmail.com,01945843057,1999-02-21,Other,2018-04-29,2025-07-22
2505075,Terri Stoltenberg,Jairo_Leffler@gmail.com,01611163912,1990-06-15,Male,2019-01-16,2025-02-26
2505076,Miss Mae Volkman,Jacinthe.Emard50@yahoo.com,01557320080,1991-06-14,Male,2021-12-27,2025-12-07
2505077,Dr. Frankie Ernser,Tod40@hotmail.com,01580065812,1987-03-14,Male,2020-01-23,2025-10-29
2505078,Elena Emmerich Sr.,Alexys_Bins@gmail.com,01551664475,2001-02-15,Male,2023-09-15,2025-07-14
2505079,Darla Terry,Judge_Padberg-Balistreri53@hotmail.com,01675309654,1984-03-28,Other,2019-09-10,2025-05-03
2505080,Dianna Cruickshank,Domenico_Hettinger68@yahoo.com,01812701649,1984-02-14,Other,2019-04-08,2025-07-16
2505081,Brad Deckow,Dale.Fahey@hotmail.com,01719684873,1980-10-28,Male,2020-08-26,2023-02-07
2505082,Michele Kuphal,Candida88@yahoo.com,01616684208,1987-05-29,Female,2018-09-04,2024-11-06
2505083,Alexandra Stoltenberg-Hudson,Maria76@yahoo.com,01826862469,1990-08-05,Other,2022-09-02,2024-02-17
2505084,Tomas Roob-Leffler,Jared_Schimmel82@hotmail.com,01614056552,1981-10-22,Male,2024-09-06,2023-07-19
2505085,Richard Schamberger,Jodie.Roberts-Hessel43@gmail.com,01754779857,1986-11-19,Other,2018-08-26,2024-08-03
2505086,Doreen Dickens Sr.,Conner_DAmore@gmail.com,01797893716,2000-09-18,Other,2023-10-31,2023-07-23
2505087,Ray Parker,Brett75@gmail.com,01560697405,1989-07-07,Male,2018-09-28,2023-05-12
2505088,Ramiro Fay,Hector_Predovic@hotmail.com,01514450675,2000-01-23,Male,2021-05-28,2024-01-01
2505089,Gretchen Veum,Carmela19@gmail.com,01773932602,1994-05-16,Male,2019-10-04,2023-12-14
2505090,Darnell Kreiger,Ole72@gmail.com,01674369902,1986-02-26,Female,2023-01-31,2024-06-07
2505091,Earl Yost,Ansel_McKenzie90@gmail.com,01580567423,1983-03-08,Male,2023-03-29,2024-05-09
2505092,Patsy Cremin,May81@yahoo.com,01718968222,1996-01-10,Male,2022-11-18,2025-07-22
2505093,Amanda Batz,Jo33@hotmail.com,01768395037,1985-04-18,Other,2018-08-05,2024-10-31
2505094,Joanne Romaguera,Steve.Block35@yahoo.com,01740506003,2002-03-21,Female,2018-02-11,2024-08-31
2505095,Christine Zulauf II,Bernita_Toy80@yahoo.com,01984936624,1996-08-06,Female,2018-07-30,2023-01-23
2505096,Cristina Langosh,Pietro50@hotmail.com,01851078458,1983-07-07,Female,2018-01-28,2023-02-07
2505097,Ada Erdman,Alyson.Ernser8@yahoo.com,01774775618,1991-04-21,Female,2018-05-13,2023-07-23
2505098,Travis Wisoky,Mohammad_White@hotmail.com,01670537884,1985-09-30,Male,2023-06-11,2023-10-25
2505099,Ann Walter,Nellie_Simonis9@gmail.com,01819804489,1985-12-13,Male,2018-08-08,2024-04-07
2505100,Mr. Manuel Bogisich,Katharina_Howe21@yahoo.com,01914087456,1992-06-14,Female,2020-08-06,2025-01-19
2505101,Beulah Wilkinson,Eunice.Okuneva@yahoo.com,01729327149,1997-03-03,Female,2018-12-09,2024-11-15
2505102,Carmen O'Reilly-Gutmann Jr.,Hassan.Buckridge67@yahoo.com,01851520095,2004-07-24,Female,2019-11-25,2024-04-04
2505103,Jared Conn-Zboncak,Liam_Hilll@yahoo.com,01738393185,2004-11-20,Female,2023-08-29,2025-08-04
2505104,Enrique Funk,Daniella.OConnell@hotmail.com,01648092033,1982-07-20,Other,2023-11-24,2024-10-28
2505105,Ms. Catherine Carroll,Tyreek.Terry70@gmail.com,01821355690,1997-10-20,Other,2022-09-29,2024-10-26
2505106,Lorena Cole,Tierra43@gmail.com,01672963353,1981-05-29,Other,2020-09-18,2024-11-29
2505107,Moses Hilpert,Adah.Mueller16@gmail.com,01956881213,1982-08-29,Female,2021-05-15,2025-08-10
2505108,Jeff Kub,Tomasa.Williamson@yahoo.com,01580282942,2003-06-03,Female,2018-09-09,2025-12-10
2505109,Lula McGlynn,Dallin.Thompson17@yahoo.com,01763975614,1994-02-05,Male,2019-02-15,2024-07-23
2505110,Josh O'Keefe,Abagail44@hotmail.com,01956421956,1988-05-31,Other,2024-01-10,2023-06-08
2505111,Dr. Johnathan Gorczany III,Meagan.Hauck37@yahoo.com,01819256818,1990-12-31,Female,2018-01-29,2023-07-08
2505112,Rosemary Pfeffer-Hilll,Rollin.Paucek48@gmail.com,01626710916,1992-05-28,Male,2020-07-12,2025-10-19
2505113,Mr. Russell Krajcik,Liliane_Feeney@yahoo.com,01557567694,2005-05-25,Male,2022-06-22,2023-10-06
2505114,Casey Hessel,Ellen_Mraz@yahoo.com,01747915666,1984-01-14,Female,2018-04-14,2023-01-22
2505115,Amos Williamson,Willy.Predovic@hotmail.com,01511326546,1997-11-04,Female,2021-05-29,2025-05-29
2505116,Darrel Dach,Mya.Rohan12@hotmail.com,01833698671,1995-09-04,Female,2020-10-15,2025-09-10
2505117,Elias Sanford,Lyla_Nicolas@hotmail.com,01694283110,1984-09-01,Female,2021-03-21,2023-04-18
2505118,Ms. Meghan Hamill,Billie94@yahoo.com,01712281826,1982-09-04,Other,2021-10-04,2025-06-18
2505119,Estelle Casper,Clemens2@yahoo.com,01666946926,1990-04-22,Female,2021-12-31,2025-06-06
2505120,Diane Stamm,Adolphus73@hotmail.com,01721816046,1981-09-07,Female,2018-05-13,2024-06-17
2505121,Willard Yundt,Delpha7@hotmail.com,01643249718,1987-06-02,Other,2021-05-14,2024-05-23
2505122,Alexander Heller,Verla9@hotmail.com,01779445934,2002-03-20,Female,2021-06-14,2023-03-31
2505123,Miss Deanna Bins,Kaylee0@yahoo.com,01645607678,2001-07-31,Male,2020-05-24,2023-03-14
2505124,Debbie Cronin,Tatyana.Bosco@gmail.com,01978582014,2002-05-02,Female,2023-10-15,2023-10-08
2505125,Cedric Kuhn,Dawn_Feeney@hotmail.com,01653761477,2003-03-17,Male,2023-02-07,2023-09-19
2505126,Alan Nicolas,Cale.Bayer8@gmail.com,01697175740,1996-02-25,Male,2018-04-01,2024-10-16
2505127,Tyrone Wyman,Helene.Jenkins77@gmail.com,01979724318,1994-10-22,Other,2025-10-17,2025-02-11
2505128,Amber Dickinson,Destini.Hahn@yahoo.com,01698805828,1994-07-03,Male,2019-03-16,2024-08-31
2505129,Phillip Mosciski,Judah14@hotmail.com,01863697114,2003-03-07,Female,2021-12-09,2023-09-17
2505130,Traci Bailey-Lueilwitz,Vallie_Bode@hotmail.com,01947345239,1992-06-17,Other,2023-01-17,2025-02-21
2505131,Pearl Schamberger,Brendan_Senger@yahoo.com,01632119018,2005-05-09,Other,2022-03-16,2023-07-04
2505132,Darryl Gutmann-Farrell DDS,Lottie0@gmail.com,01759125524,2005-10-19,Female,2023-02-24,2023-10-31
2505133,Hubert Lesch,Jane.Rohan@hotmail.com,01810518326,1986-11-02,Male,2023-07-25,2025-06-04
2505134,Jesus Pfannerstill,Berry.Lubowitz@gmail.com,01959787750,1980-05-22,Male,2023-08-06,2023-04-03
2505135,Paulette Zieme,Golden47@hotmail.com,01634068943,1996-10-07,Male,2024-06-10,2024-10-07
2505136,Glenda Kohler,Olin92@yahoo.com,01518778297,2005-05-26,Other,2025-03-22,2023-04-09
2505137,Santiago O'Kon,Ruthie_Hahn84@yahoo.com,01915444046,2004-08-17,Female,2022-07-21,2023-11-15
2505138,Lester Becker,Evelyn.Kessler@yahoo.com,01981199091,1983-08-19,Other,2018-12-07,2025-06-13
2505139,Sonja Weimann,Nyasia.Denesik@hotmail.com,01722854363,1980-04-21,Male,2020-11-02,2025-10-06
2505140,Andre Gislason,Jamey.Reichert@yahoo.com,01598319405,1999-03-13,Female,2018-03-11,2024-05-13
2505141,Cindy Crist Sr.,Natalie.Fay98@hotmail.com,01697558039,1984-05-15,Female,2024-07-19,2024-08-12
2505142,Irvin Crona,Euna_Hegmann@hotmail.com,01688114481,2000-02-23,Other,2020-02-19,2024-03-02
2505143,Norman Predovic,Levi24@yahoo.com,01586936984,1997-05-14,Male,2023-04-03,2025-09-28
2505144,Miss Janie Baumbach,Amparo.Murazik@yahoo.com,01947407207,1984-06-14,Male,2024-02-22,2025-11-16
2505145,Jeffery Jerde-Williamson,Steve.Bins54@hotmail.com,01993895568,2005-06-11,Female,2023-01-09,2023-03-10
2505146,Mildred Hauck,Libbie_Botsford@yahoo.com,01921449801,2002-07-20,Other,2023-07-08,2025-12-30
2505147,Shirley Orn,Renee.Reinger81@yahoo.com,01586243314,2005-06-02,Other,2019-09-08,2024-04-25
2505148,Angela West,Duane_Bruen@yahoo.com,01991574210,1996-05-21,Other,2021-08-31,2024-08-19
2505149,Levi Flatley,Claude_Sanford60@yahoo.com,01816661879,1994-07-31,Male,2023-05-23,2023-01-21
2505150,Elbert Bradtke,Danial.Jakubowski13@gmail.com,01866045715,2004-04-22,Male,2025-08-31,2025-07-11
2505151,Ella Lynch,Liza32@gmail.com,01995432216,2001-12-30,Male,2020-12-13,2024-05-11
2505152,Marie Flatley,Anibal.Botsford21@yahoo.com,01662800663,1987-02-28,Other,2021-12-26,2025-11-21
2505153,Ann Hickle,Rene_Nienow11@gmail.com,01838137908,1992-12-04,Male,2020-10-14,2025-01-24
2505154,Vera Upton,Jacquelyn_Nikolaus-Wolff39@yahoo.com,01718219424,1987-09-06,Male,2024-07-08,2023-03-11
2505155,Ryan Collins,Mckayla25@gmail.com,01815314290,2003-05-02,Female,2025-09-11,2023-02-11
2505156,Manuel Schaefer,Fannie30@gmail.com,01975296376,1984-09-07,Other,2019-11-21,2024-04-10
2505157,Miss Emily Haag II,Austen_Christiansen86@hotmail.com,01921239268,1983-11-25,Female,2018-09-18,2025-10-13
2505158,Tom Walsh,Eve44@hotmail.com,01926496401,1986-10-19,Male,2025-11-16,2024-03-12
2505159,Jeremy Watsica,Jessy_Johns@yahoo.com,01626895389,1996-05-16,Female,2023-05-18,2023-03-18
2505160,Brooke Langosh,Sallie19@hotmail.com,01612509498,1992-10-27,Male,2018-04-16,2025-08-31
2505161,Victoria Grady,Mabel22@yahoo.com,01954727576,1999-04-10,Female,2018-07-25,2025-07-11
2505162,Tyler Leannon,Hayden_Gottlieb16@gmail.com,01522109667,2002-11-10,Male,2021-10-08,2023-05-18
2505163,Juanita Corkery,Timmothy_Herzog@yahoo.com,01653712434,2005-07-08,Other,2024-08-17,2023-11-17
2505164,Cesar Wintheiser,Carolyn_Marvin56@yahoo.com,01620144393,1995-11-30,Female,2022-03-24,2025-10-24
2505165,Bradford Gibson,Elise_Tromp@gmail.com,01661722154,2004-05-31,Female,2023-08-19,2025-07-19
2505166,Jamie Zboncak,Claire.Herman@gmail.com,01814510600,2005-05-01,Other,2024-12-13,2024-04-05
2505167,May Schumm DDS,Stefanie_Yundt@hotmail.com,01597541546,2001-11-09,Other,2018-12-31,2024-04-13
2505168,Rene Schultz,Rasheed95@hotmail.com,01934865557,1992-07-25,Male,2023-11-13,2023-05-21
2505169,Gerald Jakubowski,Misael.Ondricka15@hotmail.com,01632726798,2000-07-14,Male,2018-07-11,2025-07-18
2505170,Ervin Erdman,Bernadine.Gerhold9@hotmail.com,01959169598,1994-08-21,Male,2018-12-21,2023-12-16
2505171,Alonzo Durgan,Laurianne.Schneider@gmail.com,01679681673,2000-01-22,Other,2020-01-03,2025-07-09
2505172,Johanna Runte,Bennie_Kessler62@hotmail.com,01715759156,1997-10-31,Other,2019-10-17,2024-05-31
2505173,Misty Purdy,Alec.Jenkins-Paucek@hotmail.com,01911709851,1981-04-24,Male,2024-02-18,2025-04-20
2505174,Delia Bahringer,Joshuah.Kreiger@hotmail.com,01845342148,1994-06-29,Other,2018-07-04,2023-03-27
2505175,Wilma Schaden,Crystal81@gmail.com,01588822246,1989-12-09,Male,2019-08-14,2023-07-21
2505176,Joe Kulas,Loraine.Schuster@gmail.com,01968520246,1988-02-21,Male,2022-03-06,2025-07-23
2505177,Freddie Heller,Jazlyn0@hotmail.com,01947478231,1992-08-30,Female,2021-12-06,2025-10-28
2505178,Wallace Kuhn,Retta80@hotmail.com,01539725867,1996-07-14,Female,2018-08-16,2023-07-23
2505179,Inez Nikolaus-Smith,Elinor.Nitzsche@gmail.com,01515089096,1998-07-08,Male,2021-03-10,2023-11-29
2505180,Earnest Gottlieb,Luna_Kohler@hotmail.com,01848480952,1998-11-20,Other,2019-04-14,2025-05-12
2502017,Travis Abshire,Shannon66@gmail.com,01763642412,1993-11-19,Male,2020-10-06,2025-03-20
2501001,Dr. Clay Kovacek DDS,Patricia.Dietrich@yahoo.com,01683153496,1996-10-08,Male,2024-03-22,2025-03-23
2501002,Angela Ryan,Teagan.Wunsch71@hotmail.com,01828434126,1991-02-04,Female,2021-04-04,2023-07-17
2501003,Gerard Abshire,Johnathon_Pfeffer@hotmail.com,01940587338,1998-11-14,Other,2020-03-05,2024-09-02
2501004,Rochelle Aufderhar,Jakayla68@gmail.com,01674203612,2005-07-05,Other,2025-07-18,2025-09-28
2501005,Blanca Schmidt,Dorthy8@gmail.com,01623818499,2002-04-07,Female,2024-04-20,2025-09-03
2501006,Rudolph Hamill,Tavares.Jacobs31@gmail.com,01939156313,2004-09-08,Male,2025-05-20,2024-03-07
2501007,Olivia Auer MD,Green_Grant9@gmail.com,01547509931,2000-01-31,Female,2022-04-05,2023-02-02
2501008,Ana Hirthe,Caden_OConner@yahoo.com,01521139365,2000-11-01,Female,2025-06-12,2024-02-09
2501009,Jorge Brekke-Erdman,Dorian_Harber86@gmail.com,01882263413,1991-10-30,Male,2020-06-02,2024-09-10
2501010,Opal Collier,Lawrence0@yahoo.com,01870264479,2003-09-08,Other,2024-08-06,2023-07-21
2501011,Raquel Zemlak,Ezekiel42@gmail.com,01510056188,1998-02-14,Male,2020-06-16,2023-04-04
2501012,Ms. Claudia Greenfelder,Eugenia_Green53@yahoo.com,01859478570,2005-11-20,Male,2025-04-16,2025-10-27
2501013,Tim Williamson IV,Janelle.OReilly3@yahoo.com,01538644733,1999-10-16,Other,2019-07-29,2023-07-10
2501014,Greg Abernathy,Jaydon24@hotmail.com,01730101541,1997-06-24,Other,2025-05-26,2023-01-15
2501015,Mr. Richard Harvey,Houston62@yahoo.com,01865554226,1994-08-16,Male,2020-03-09,2023-07-20
2501016,Luz Wolff,Carson.Cruickshank@yahoo.com,01780486946,1994-08-15,Other,2019-02-13,2025-08-19
2501017,Dan Hamill DVM,Lorenza.Bailey72@gmail.com,01722035579,1999-03-01,Other,2019-09-10,2023-05-06
2501018,Brett Spinka,Dejah.Pouros51@hotmail.com,01673898436,1992-11-25,Male,2023-05-09,2025-03-09
2501019,Alexis Maggio,Magnus_Quitzon@gmail.com,01825837835,1983-06-01,Male,2019-06-20,2024-09-23
2501020,Julia Cummings,Merl2@hotmail.com,01992774639,1983-11-10,Other,2022-11-20,2023-08-30
2502001,Vickie Jerde DVM,Alexie45@hotmail.com,01577037145,1982-11-22,Male,2022-03-03,2025-08-17
2502002,Lindsay Hamill,Mathias43@gmail.com,01668903209,1988-06-21,Male,2023-10-12,2024-12-15
2502003,Kevin Schimmel,Mary78@yahoo.com,01756010835,1983-01-18,Other,2021-03-18,2023-07-25
2502004,Van Friesen,Maxie87@gmail.com,01981374869,1990-06-20,Male,2018-01-17,2025-11-27
2502005,Helen Pagac,Garnet.Ankunding47@gmail.com,01842552694,2005-09-25,Male,2023-06-14,2023-12-26
2502006,Robert Becker,Bernice_Roberts@yahoo.com,01863424522,2000-03-21,Male,2025-04-13,2023-07-20
2502007,Melba Bernier,Junius46@yahoo.com,01749731767,1992-03-22,Other,2019-12-23,2024-08-31
2502008,Trevor Williamson-Armstrong,Shayne_Grant@hotmail.com,01923973121,1987-05-05,Female,2024-05-01,2023-12-05
2502009,George Mann,Malinda_Barrows6@yahoo.com,01685805651,1993-11-05,Female,2019-06-09,2024-03-24
2502010,Mr. Jordan Jerde,Jaida.Wolff@hotmail.com,01579035355,1986-04-17,Other,2021-02-28,2025-01-08
2502011,Brenda Wunsch Jr.,Daisha97@hotmail.com,01623279862,1996-10-24,Female,2022-09-20,2023-04-07
2502012,Carl Sawayn-Tillman MD,Cletus_Willms-Fay@gmail.com,01928698311,1993-01-15,Male,2019-11-29,2025-07-22
2502013,Joel Krajcik,Sidney_Smith@yahoo.com,01646220034,1983-01-15,Male,2020-07-18,2025-10-03
2502014,Vanessa Kautzer,Mireya.Conn@hotmail.com,01580651639,1991-10-05,Male,2022-11-24,2025-05-21
2502015,Dr. Clyde Rau,Nia53@yahoo.com,01572863655,1980-05-15,Other,2025-11-01,2024-06-30
2502016,Omar Nikolaus,Marley.Lind@yahoo.com,01868235043,1983-03-19,Female,2022-07-26,2025-12-09
2502018,Shelia Johnston,Shanel7@gmail.com,01585203843,1990-10-07,Female,2019-10-26,2023-12-14
2502019,Sarah Stroman DVM,Moshe.Bergstrom@gmail.com,01715118629,1997-06-11,Male,2018-12-05,2025-05-23
2502020,Bill Mayer,Darion41@hotmail.com,01574584882,1996-10-10,Other,2018-09-16,2024-06-07
2503001,Dr. Emily Anderson,Bernard.Douglas0@gmail.com,01683000062,1990-11-04,Female,2025-04-17,2025-03-19
2503002,Tyler Cartwright II,Jeramie18@hotmail.com,01983971448,1995-12-15,Other,2022-03-16,2023-05-28
2503003,Salvatore Keeling,Jonathon.Wolff@gmail.com,01749101551,1985-01-19,Other,2021-10-10,2023-11-16
2503004,Grant White,Brielle_Morar@yahoo.com,01590220896,2004-06-24,Other,2025-02-11,2025-01-26
2503005,Dr. Jerome Torp,Sister49@yahoo.com,01638255416,1995-02-11,Female,2018-03-23,2024-04-11
2503006,Myrtle Huel MD,Brenda30@yahoo.com,01927828960,1984-04-24,Female,2019-10-30,2025-02-07
2503007,Nina Marvin,Amie.Franecki@yahoo.com,01686593065,1984-04-24,Male,2023-12-21,2023-01-04
2503008,Beverly Trantow,Else81@hotmail.com,01689410646,1980-06-14,Female,2022-10-04,2025-04-24
2503009,Miss Bernadette Roberts III,Jose_Leuschke80@hotmail.com,01531078010,1985-08-09,Other,2020-11-21,2024-04-10
2503010,Lois Kovacek PhD,Janiya_Ryan18@gmail.com,01637680548,1989-09-28,Male,2022-10-12,2025-09-16
2503011,Dr. Gloria Hoppe,Gregoria.DAmore@hotmail.com,01736677113,1991-06-02,Female,2023-04-16,2023-11-18
2503012,Carlos Glover,Cordia_Shanahan60@gmail.com,01721105387,1999-02-26,Male,2022-09-01,2025-08-31
2503013,Stacy Boyer,Marina_Walter@yahoo.com,01642881012,2000-06-11,Other,2025-05-15,2024-06-01
2503014,Edgar Crona,Gina73@hotmail.com,01770049004,2005-08-11,Male,2023-06-04,2025-10-13
2503015,Joe Christiansen,Andres.Denesik11@yahoo.com,01748188734,1982-09-16,Male,2022-03-01,2024-10-25
2503016,Salvatore Stark,Marques_Ledner96@hotmail.com,01544126827,1985-02-09,Female,2020-01-08,2024-12-31
2503017,Nora Spinka Sr.,Grayce_Gibson89@yahoo.com,01750480903,2005-11-10,Female,2020-10-27,2024-02-07
2503018,Winston Cormier,Mariano_Schoen16@yahoo.com,01960097829,1983-01-10,Male,2023-01-09,2023-08-10
2503019,Hope Pagac,Anthony_Wiza@yahoo.com,01836400863,1981-01-15,Male,2023-12-13,2024-03-31
2503020,Patti Wintheiser,Kali.Hickle@yahoo.com,01684915986,1983-08-12,Female,2023-05-21,2024-09-09
2504001,Bryan Terry,Zaria88@hotmail.com,01995276089,2004-12-05,Other,2022-01-16,2024-08-08
2504002,Jose Doyle,Ozella_Gulgowski96@yahoo.com,01881535753,2002-04-18,Other,2020-09-04,2024-05-08
2504003,Florence Mayert,Turner26@gmail.com,01775640030,2003-02-14,Female,2018-08-13,2024-07-26
2504004,Stuart Carter,Rowland83@yahoo.com,01996045603,1981-09-26,Male,2023-07-22,2024-01-17
2504005,Muriel Terry,Erika42@gmail.com,01819980638,1989-09-01,Male,2022-03-13,2024-10-30
2504006,Charlene Heaney-Nienow,Cullen.Green@gmail.com,01715029023,1990-07-28,Female,2023-03-22,2024-04-25
2504007,Miss Lula Schmidt,Birdie_Schuppe@yahoo.com,01710027959,1993-06-16,Male,2023-02-01,2023-10-06
2504008,Horace Parker,Elwin71@gmail.com,01956623049,1986-10-29,Male,2020-10-28,2025-05-15
2504009,Mitchell Wunsch,Shaun_Hintz@gmail.com,01517449513,1985-10-12,Male,2022-02-02,2023-11-11
2504010,Shelly O'Connell,Kenneth.Bednar@gmail.com,01988371866,1998-06-06,Male,2022-01-16,2023-09-27
2504011,Nancy Heller,Raymundo2@gmail.com,01995854434,2005-05-18,Other,2021-09-27,2024-03-11
2504012,Miss Ana Grant,Dessie24@gmail.com,01532584813,1999-10-29,Male,2024-09-24,2025-12-09
2504013,Mr. Pat Rempel,Makenna_Beer62@hotmail.com,01778381065,1993-08-04,Male,2020-04-20,2025-12-11
2504014,Pat Schulist,Pedro_Wolff28@yahoo.com,01833201956,1990-07-13,Male,2021-01-15,2025-03-12
2504015,Geraldine Roberts,Jerald.Grant72@hotmail.com,01796389447,1998-01-08,Male,2019-03-19,2023-03-11
2504016,Suzanne Kozey,Samara50@gmail.com,01918389421,1984-10-04,Other,2022-12-11,2023-06-09
2504017,Edmund Conn,Ferne7@yahoo.com,01755922710,1994-02-28,Male,2019-07-04,2023-01-01
2504018,Pamela Hills II,Carmelo29@gmail.com,01882521454,1994-03-01,Male,2025-06-06,2024-02-21
2504019,Beth Fay,Torrey.Hand@hotmail.com,01643770119,1991-04-01,Male,2024-12-29,2024-06-15
2504020,Beverly Senger-Sawayn,Lexie.Gleason78@gmail.com,01514516855,1996-01-26,Male,2025-04-13,2023-07-19
2506001,Phillip Shields,Jude_Jacobs@hotmail.com,01912810576,1996-12-07,Other,2024-08-03,2024-12-12
2506002,Teri Fadel,Rhianna.Ondricka-Sawayn@yahoo.com,01659209108,1993-09-27,Female,2021-07-18,2025-03-20
2506003,Jay Farrell-Lueilwitz,Kellen79@yahoo.com,01750700003,1986-12-10,Other,2018-08-09,2023-08-03
2506004,Flora Botsford V,Christiana33@hotmail.com,01716152008,1993-12-14,Other,2020-09-05,2023-01-04
2506005,Randall Bogisich,Kennedy8@gmail.com,01530537633,1980-03-30,Female,2019-09-17,2024-09-11
2506006,Krystal Mohr,Amina30@hotmail.com,01983814066,1981-07-12,Male,2021-12-20,2025-10-10
2506007,Sue Goyette,Eriberto_Champlin@yahoo.com,01556583688,1997-04-27,Female,2021-11-08,2024-08-15
2506008,Timmy Macejkovic,Jaclyn70@hotmail.com,01931011807,1986-11-16,Male,2020-11-18,2023-11-09
2506009,Abel Runolfsson,Berenice_Goodwin18@gmail.com,01586623153,1992-12-27,Female,2023-07-10,2024-12-19
2506010,Darla Brown I,Ansel_Klocko@gmail.com,01712653876,1982-07-04,Other,2019-09-08,2024-10-16
2506011,Virginia Boehm,Elmira_Kunde19@hotmail.com,01852546457,1994-02-14,Other,2022-05-18,2025-07-13
2506012,Marianne Brakus,Darion52@gmail.com,01777477449,1983-11-12,Male,2023-09-17,2025-03-27
2506013,Elizabeth D'Amore,Woodrow96@gmail.com,01947436054,1998-06-13,Male,2024-05-31,2024-09-04
2506014,Nathaniel Schiller,Isidro34@gmail.com,01821727798,1997-01-26,Other,2024-01-23,2023-12-20
2506015,Melissa Marvin,Kayleigh.Sipes@gmail.com,01611824503,1992-09-20,Male,2021-07-30,2025-06-21
2506016,Kristi Grant,Shirley45@gmail.com,01859969349,1986-02-05,Male,2021-08-16,2023-11-08
2506017,Beverly Stanton PhD,Danielle_Jast27@yahoo.com,01630670531,1991-03-28,Female,2022-03-26,2024-12-10
2506018,Jeanette Boyer,Garrick.White@yahoo.com,01985186401,1989-10-30,Female,2020-10-03,2025-05-26
2506019,Felix Hermann,Arianna85@hotmail.com,01543266727,1998-03-22,Other,2019-04-15,2023-05-31
2506020,Alberto Deckow,Winfield75@gmail.com,01726635461,1995-10-10,Other,2020-09-05,2025-10-17
2507001,Dr. Julio Schultz,Janet_Williamson53@yahoo.com,01660383197,1990-02-02,Male,2024-08-17,2025-12-27
2507002,Vera Donnelly,Velva44@gmail.com,01645010462,1988-12-15,Female,2021-06-28,2025-08-15
2507003,Ms. Sharon Raynor,Russ41@gmail.com,01546598985,1992-08-19,Male,2023-10-11,2024-03-17
2507004,Brendan Grady,Alda_Volkman@yahoo.com,01596737937,1981-07-15,Other,2023-08-28,2025-05-31
2507005,Lillie D'Amore DDS,Zoe_Lind@gmail.com,01836729930,1981-09-25,Male,2022-07-23,2024-03-09
2507006,Timothy Goyette,Rebekah.Howell73@hotmail.com,01996713632,2003-11-26,Male,2018-06-22,2023-11-17
2507007,Alonzo Hudson,Vada.Koss74@gmail.com,01821047128,1990-06-27,Male,2021-06-29,2023-01-26
user_id,username,email,phone,dob,gender,date_joined,last_login
2507008,Kristy Rippin,Ronaldo_Kutch@hotmail.com,01766100375,1994-08-05,Male,2023-08-05,2025-08-16
2507009,Harry Crist Sr.,Kiana32@gmail.com,01629502295,1985-03-02,Female,2025-07-11,2024-02-08
2507010,Marcos O'Keefe,Trisha.Kessler@yahoo.com,01590390327,1999-03-21,Other,2022-12-08,2023-03-09
2507011,Kristine Pacocha,Loy48@yahoo.com,01535744682,2001-08-23,Other,2020-09-24,2024-10-11
2507012,Inez MacGyver,Tatyana.Blanda20@yahoo.com,01960872727,1997-05-04,Male,2021-05-14,2023-03-23
2507013,Nora Ferry,Maud_Dietrich50@hotmail.com,01653230258,2005-09-12,Female,2021-11-28,2025-01-15
2507014,Ernesto Weimann,Larry.Schmitt@hotmail.com,01910677208,2001-06-10,Female,2021-05-09,2025-06-21
2507015,Veronica Hayes,Sofia89@yahoo.com,01993273307,1983-11-30,Female,2021-07-17,2023-03-18
2507016,Charlotte Lind,Buster_Hermann@gmail.com,01868471903,2004-06-15,Female,2023-12-21,2023-08-12
2507017,Raquel Kulas,Alejandrin.Rodriguez@hotmail.com,01549195161,1999-10-04,Male,2023-03-06,2023-02-18
2507018,Ivan Parisian,London.Roberts@yahoo.com,01759680368,1994-08-15,Male,2024-05-02,2024-03-27
2507019,Doris Erdman,Chaz_Paucek@gmail.com,01929314517,1997-12-21,Male,2023-01-05,2024-06-18
2507020,Fannie Heller,Alfredo_Schroeder@hotmail.com,01723581310,1998-09-23,Male,2025-04-20,2025-04-21
2508001,Alejandro Nikolaus,Hope_Aufderhar95@gmail.com,01667325437,1996-07-28,Other,2025-02-03,2023-12-10
2508002,Cindy O'Conner,Henriette_Lemke@hotmail.com,01772989086,1991-03-31,Male,2020-02-12,2025-05-13
2508003,Dr. Elbert Schamberger,Reginald52@hotmail.com,01570066638,1991-10-16,Female,2020-06-22,2023-08-28
2508004,Karl Osinski,Kory_Bogisich15@hotmail.com,01660972260,1990-05-01,Other,2022-02-02,2024-05-30
2508005,Edgar Stamm,Sigurd11@gmail.com,01637183731,1994-09-23,Other,2019-01-18,2023-12-22
2508006,Colin Bartell,Shayne6@gmail.com,01514707624,1985-06-23,Male,2019-06-27,2024-08-10
2508007,Manuel Dibbert,Donna44@yahoo.com,01966566756,1994-10-04,Male,2024-01-31,2024-03-19
2508008,Warren Jacobi,Kurt_Effertz@yahoo.com,01779687558,2000-07-25,Male,2025-01-10,2024-07-18
2508009,Kerry Collins,Berniece.Altenwerth@yahoo.com,01592894779,1994-11-25,Male,2020-10-05,2025-03-15
2508010,Raymond Thompson,Demarcus56@hotmail.com,01679030674,1990-09-13,Male,2025-05-29,2024-11-07
2508011,Byron Moore,Verona_Greenholt@gmail.com,01856610931,1994-01-11,Female,2021-10-07,2023-10-26
2508012,Kerry Little,Burley52@yahoo.com,01798394003,1996-02-22,Other,2021-08-08,2023-04-13
2508013,Cindy Kub,Nya.Larson91@hotmail.com,01517027441,2000-09-04,Other,2019-07-18,2024-12-14
2508014,Jaime Stroman,Norbert22@hotmail.com,01569558172,1982-10-05,Other,2022-09-14,2025-09-08
2508015,Stella Casper,Reginald.Kemmer56@hotmail.com,01983496451,1982-09-20,Female,2025-09-05,2024-05-29
2508016,Penny Botsford,Cordia.McClure@hotmail.com,01848039556,1987-02-17,Female,2020-12-26,2023-08-01
2508017,Josephine Kuhlman,May42@hotmail.com,01619247478,1999-12-23,Other,2023-09-24,2023-11-10
2508018,Roberta Rath,Abdul_Greenholt81@hotmail.com,01970965548,1980-12-29,Male,2019-10-13,2024-08-10
2508019,Mr. Bruce Rolfson,Melyssa.Altenwerth@yahoo.com,01548859683,2005-08-23,Female,2019-08-30,2024-08-09
2508020,Harvey Olson,Angelina.Wolf@yahoo.com,01868744256,1982-05-20,Other,2021-11-03,2023-10-02
2509001,Lindsey Monahan,Erna_Schumm@yahoo.com,01930708988,1997-10-25,Other,2018-10-08,2025-10-04
2509002,Miss Alicia Muller,Carol.Crooks95@gmail.com,01936412005,1990-11-20,Female,2024-11-05,2025-09-12
2509003,Doreen Gibson,Makenna_Hilpert81@yahoo.com,01947045999,1994-01-19,Female,2023-06-24,2024-07-27
2509004,Dr. Muriel Kulas,Pat33@yahoo.com,01872450038,2002-05-03,Male,2019-05-07,2023-11-28
2509005,Ricky Kautzer II,Janet15@yahoo.com,01810192882,1987-08-27,Male,2018-07-25,2023-09-16
2509006,Tricia Flatley,Sadye.Wolf-Schimmel13@gmail.com,01925129910,1985-06-08,Other,2021-12-12,2024-11-09
2509007,Marc Prohaska II,Hildegard_Miller64@hotmail.com,01853779159,1989-06-03,Female,2024-04-19,2024-10-19
2509008,Julia Champlin,Walton59@yahoo.com,01728601717,2001-03-09,Other,2020-07-04,2023-11-21
2509009,Helen Hahn,Clement_Gulgowski-Wiza87@hotmail.com,01558339143,1990-03-08,Other,2021-05-04,2024-03-24
2509010,Pablo Kirlin III,Payton_Crist@yahoo.com,01668182698,1989-03-07,Male,2018-12-15,2025-01-11
2509011,Fredrick Boyle III,Yvonne.White@yahoo.com,01914676863,1985-02-06,Other,2020-05-14,2025-06-21
2509012,Walter Hermiston,Aubrey.Nitzsche@hotmail.com,01912476164,1992-06-27,Other,2019-06-11,2023-08-13
2509013,Johnathan Yundt,Ray58@gmail.com,01833715968,1984-08-26,Other,2025-07-19,2024-03-18
2509014,Mrs. Beulah Zulauf,Brown_Schaefer15@yahoo.com,01867366357,2001-07-16,Male,2025-06-21,2023-12-24
2509015,Patrick Macejkovic,Ettie.Hills@hotmail.com,01961637020,2000-07-30,Female,2019-06-15,2025-08-09
2509016,Luther Johnston,Maude.Feil@hotmail.com,01928700297,1984-05-31,Female,2021-04-26,2023-08-08
2509017,Sophie Schuppe,Josefa57@yahoo.com,01919689855,1993-04-12,Male,2024-01-03,2023-12-04
2509018,Fernando Conn,Jenifer.Leuschke57@hotmail.com,01537231878,1984-07-26,Other,2018-02-27,2024-06-07
2509019,Lorena Lehner,Vincenza61@gmail.com,01655728483,1992-04-30,Female,2024-05-25,2023-02-19
2509020,Vera Stiedemann,Macy_Willms@yahoo.com,01563237929,1993-05-17,Female,2018-06-07,2024-08-25
2510001,Krista Upton,Nola_Daugherty@hotmail.com,01849185585,1988-02-04,Female,2023-04-28,2023-07-26
2510002,Rita Gutmann,Eladio_Kassulke@hotmail.com,01624677950,1980-03-21,Female,2025-11-11,2025-08-12
2510003,Barbara Keeling,Gustave60@gmail.com,01573509103,1986-04-12,Female,2021-06-24,2023-02-13
2510004,Ms. Roberta Torphy,Marisa22@gmail.com,01787343424,1982-02-01,Other,2025-12-10,2023-11-21
2510005,Essie Friesen,Emerald_OConnell@hotmail.com,01855250158,1985-01-25,Other,2024-10-08,2023-07-12
2510006,Whitney Herzog,Oral.Grimes@yahoo.com,01843994112,1995-03-29,Female,2019-02-14,2025-10-16
2510007,Ms. Anna Hermann,Palma_Marquardt@gmail.com,01513693229,1992-10-08,Female,2024-12-26,2024-11-19
2510008,Shari Zboncak,Clifton9@gmail.com,01966674441,1982-06-08,Female,2021-07-11,2025-06-08
2510009,Mattie Wiegand,Lavern21@hotmail.com,01657856746,1981-05-16,Female,2022-08-20,2025-11-23
2510010,Dr. Samuel Hoeger,Ernestina72@hotmail.com,01883614886,1996-04-28,Male,2025-03-03,2023-12-20
2510011,Agnes Murphy,Vincent_Schultz@gmail.com,01646732331,1992-01-18,Male,2020-07-30,2023-07-20
2510012,Jana Roob,Audie.Klein@hotmail.com,01837858440,1981-07-23,Other,2018-08-21,2023-09-22
2510013,Louise Von,Meda59@gmail.com,01672217858,1995-03-29,Male,2020-06-07,2023-09-04
2510014,Mike Bednar,Elsie_Douglas@hotmail.com,01676153057,1992-07-14,Other,2021-06-29,2023-03-05
2510015,Lorenzo Lubowitz,Lawson47@gmail.com,01849558182,2004-12-16,Male,2019-10-28,2025-05-08
2510016,Kathryn Kilback,Brycen73@yahoo.com,01878185364,1999-01-13,Female,2019-03-08,2024-05-04
2510017,Marty Parisian,Stacey49@gmail.com,01689250927,2005-01-18,Female,2019-10-14,2024-03-01
2510018,Josh McLaughlin,Elliott_Heidenreich39@gmail.com,01640483117,1989-03-03,Other,2020-12-05,2023-08-16
2510019,Bridget Klocko,Thea_Shields39@yahoo.com,01529397252,2005-04-09,Other,2024-05-24,2024-11-30
2510020,Kenneth Robel,Aliya59@yahoo.com,01941933458,1989-06-09,Female,2024-10-09,2023-11-13
2511001,Kerry Toy,Ronny.Cummerata@yahoo.com,01883591019,1985-06-12,Female,2022-03-31,2023-07-04
2511002,Audrey Smith,Nolan.Erdman@gmail.com,01523794419,2002-11-15,Female,2024-04-17,2023-05-22
2511003,Marshall Marks Sr.,Loyce.Boyer21@yahoo.com,01772398514,1984-07-30,Female,2018-03-16,2025-03-18
2511004,Clayton Labadie,Linnie65@gmail.com,01811814326,1997-05-03,Female,2018-05-27,2024-05-29
2511005,Orville Crona,Sandra45@yahoo.com,01994752994,1986-06-14,Male,2021-05-01,2024-04-04
2511006,Dr. Kelli Anderson,Rashad42@hotmail.com,01577909763,1999-09-09,Male,2024-12-17,2023-05-01
2511007,Edna Wolf,Lourdes_Grimes@gmail.com,01754741863,1985-04-08,Other,2022-06-02,2023-05-31
2511008,Mr. Darrin Barrows,Raul_Nader@gmail.com,01598366307,1991-01-03,Male,2023-08-05,2025-03-15
2511009,Kent Ziemann,Waylon.Metz@gmail.com,01622957975,1980-05-20,Female,2018-02-09,2023-11-03
2511010,Bryant Kshlerin,Keira_Rohan@yahoo.com,01779479952,1994-06-01,Female,2025-12-14,2025-09-16
2511011,Linda Medhurst IV,Joesph_Runolfsson15@gmail.com,01999511665,1992-07-20,Female,2021-06-08,2024-04-17
2511012,Leslie Hudson,Sofia_Krajcik@gmail.com,01916313862,1995-04-16,Female,2024-07-22,2024-06-04
2511013,Tyrone DuBuque PhD,Xzavier15@hotmail.com,01550488074,1980-05-11,Female,2019-03-01,2025-03-17
2511014,Georgia Reichert,Ephraim.Boehm85@hotmail.com,01591552323,1983-09-14,Female,2019-01-29,2024-05-18
2511015,Donna Smitham-Vandervort,Loren95@gmail.com,01538463754,2005-04-18,Other,2024-03-10,2023-07-28
2511016,Vera Armstrong,Lon_Heathcote@yahoo.com,01740812068,2002-03-12,Other,2021-07-31,2024-04-07
2511017,Emanuel Casper,Garrett24@yahoo.com,01717507341,2002-03-13,Male,2025-10-15,2024-05-11
2511018,Inez Weissnat Jr.,Arch.Stark43@hotmail.com,01670427471,1985-05-28,Male,2020-11-30,2024-05-29
2511019,Noah O'Connell,Myra.Leannon67@yahoo.com,01537559740,1993-05-04,Other,2022-10-29,2024-07-02
2511020,Dr. Julius Bogan,Lukas22@hotmail.com,01664334852,1987-11-12,Other,2025-11-19,2024-07-14
2512001,Kent Leannon,Gerardo.Hyatt@yahoo.com,01527123883,2000-06-23,Female,2022-03-28,2025-02-08
2512002,Natalie Brown,Damien_Klein0@hotmail.com,01984277520,1989-10-14,Female,2021-08-23,2025-07-25
2512003,Andres Conn DDS,Chance_Dicki@gmail.com,01586903944,1997-09-20,Other,2025-03-26,2025-12-18
2512004,Gretchen Kreiger,Emmet44@yahoo.com,01646799282,1987-04-12,Male,2020-07-03,2023-07-14
2512005,Misty Reilly,Dallas_Schiller@yahoo.com,01766897604,2000-04-12,Male,2023-08-30,2023-08-18
2512006,Bradford Koch,Brannon.Kuvalis78@yahoo.com,01874174492,2002-09-11,Female,2024-08-03,2025-09-22
2512007,Jessie Zemlak,Anabelle.Dicki73@yahoo.com,01587388437,2004-04-11,Female,2024-07-29,2023-06-05
2512008,Dan Toy,Jan_Zemlak-Mann@yahoo.com,01811229112,1997-09-14,Female,2025-11-09,2023-11-06
2512009,Marco Schmitt,Dominique_Gerlach-Hirthe11@yahoo.com,01787507836,1988-06-10,Other,2020-11-29,2023-01-31
2512010,Derrick Runolfsdottir,Enid_Oberbrunner@yahoo.com,01871146160,1982-01-19,Other,2025-03-25,2025-08-12
2512011,Carroll White,Cordell_Simonis@yahoo.com,01997881364,1981-01-24,Male,2024-01-21,2025-10-11
2512012,Paul Orn,Adalberto_Yost67@gmail.com,01681555214,1983-07-10,Male,2023-01-21,2024-06-03
2512013,Violet Romaguera Jr.,Laury_Muller21@yahoo.com,01850076877,1981-06-30,Other,2023-09-18,2024-12-11
2512014,Sonja D'Amore,Susanna.Jaskolski68@yahoo.com,01762288233,1993-02-26,Male,2019-10-06,2024-04-18
2512015,Caleb Pouros,Myah_Auer7@yahoo.com,01654966529,1986-11-12,Male,2018-02-04,2025-08-15
2512016,Jane Shields,Brennon_Turner@yahoo.com,01860600351,1989-04-11,Female,2019-09-15,2025-06-18
2512017,Neal Kessler,Elody.Schroeder-Mertz@yahoo.com,01991016210,1989-07-11,Other,2022-07-09,2025-12-21
2512018,Philip Tremblay V,Frieda70@hotmail.com,01893309774,1998-01-22,Other,2023-08-03,2025-11-12
2512019,Patty Macejkovic,Alexandrea_Nolan42@gmail.com,01835508687,1991-08-09,Female,2020-02-15,2023-10-26
2512020,Dr. Felipe Wolff II,Alessandro_Gorczany@gmail.com,01653849294,1981-05-18,Male,2018-09-14,2024-11-15
